"10820",NULL,"Zxczxczxc1覺","Zxczxczxc覺","Zxczxczxc1覺 Zxczxczxc覺","Zxczxczxc1i","Zxczxczxci","Zxczxczxc1i Zxczxczxci","executive","register/executive7",NULL,"$2y$10$AS12nuM9iDwTDtfjAZ2DWOWvhY/4e0qCzv/etsRqL3.CJphEwtGTO","527cab9d7086bff578597dc86066d62f","zxczxcc@nal.careers","722ls1PxKvxm4vrwdyzaCf2b9E7rYJBJw7grAyTQ0lZmSeAUaRHSv7tgL7lK","+44 7777 777777","0","0","1","0",NULL,NULL,NULL,NULL,"0","0","0","0",,"0","0000-00-00 00:00:00",NULL,NULL,NULL,NULL,NULL,NULL,"0",NULL,NULL,"2016-05-20 10:31:07","2019-02-07 15:20:03"
"10818",NULL,"Zxczxc","Zxczxc","Zxczxc Zxczxc","Zxczxc","Zxczxc","Zxczxc Zxczxc","executive","register/executive5",NULL,"$2y$10$ZKlc0OUVi932W6lF4niSU.qB9d9ZQ5ud98x.dNBfmQD9riD1w.Lzy","0f5ec8e3bc39acd4adade1f1c9f1ccf6","zxc@nal.careers","UcIn9fBS1vsuFVxLAo7cUgt7LZaG7awKk84Ifmxh5ZdtxrQ3D33rtTH4jjyH","+44 7777 777777","0","0","1","0",NULL,NULL,NULL,NULL,"0","0","0","0",,"0","0000-00-00 00:00:00",NULL,NULL,NULL,NULL,NULL,NULL,"0",NULL,NULL,"2016-05-20 08:23:10","2019-02-07 15:20:03"
"11231",NULL,"Xzxzxzxz","Xzxzxzxz","Xzxzxzxz Xzxzxzxz","Xzxzxzxz","Xzxzxzxz","Xzxzxzxz Xzxzxzxz","search","/",NULL,"$2y$10$vZcw8cN.0bqWBFmDpz4gCu8Fhn5WdwFsRkfnap3V0mdICchvFI7cG","be5232fa566fb22333486b472f7f3ec5","zxzx@al.careers","Ha3PgVfMWG9ASTnpjfC33R7v3W4Zer1dqm6LURqjh3O0Tp2NtXvqWqJD6LDJ","+44 7777 777777","0","0","0","0",NULL,"2017-04-25 09:48:18",NULL,NULL,"0","0","0","0",,"0","0000-00-00 00:00:00",NULL,NULL,NULL,NULL,NULL,NULL,"0",NULL,NULL,"2017-04-18 08:31:30","2019-02-07 15:20:04"
"10810",NULL,"Werwer","Er","Werwer Er","Werwer","Er","Werwer Er","executive","register/executive2",NULL,"$2y$10$7jgGED3Zxt0OhOahhgG.uuavZVGQsqu2nUPXhgl67ZU0ctcC6IvDe","ac07e46b509096d76aa0195c2244030b","wer@nal.careers",NULL,"+44 7777 777777","0","0","1","0",NULL,NULL,NULL,NULL,"0","0","0","0",,"0","0000-00-00 00:00:00",NULL,NULL,NULL,NULL,NULL,NULL,"0",NULL,NULL,"2016-04-29 14:13:01","2019-02-07 15:20:03"
"11222",NULL,"Vxcvxcvxcv","Zxcvxcvxcv","Vxcvxcvxcv Zxcvxcvxcv","Vxcvxcvxcv","Zxcvxcvxcv","Vxcvxcvxcv Zxcvxcvxcv","executive","register/executive2",NULL,"$2y$10$gl0V98Te.kfeRqSuM80CfOg9Gdk2y8K/C7cRLzT5zrSjFB6m8zDw.","fe509584b8826b9df154215fd18b8162","hjagsdfasdgf@nal.careers","UMpurcr4smbRoBgxyuanTRtYa5bHhlzgMgc6DxrIOpk8FafYfTgRLiP3JVS6","+44 7777 777777","0","0","1","0",NULL,NULL,NULL,NULL,"0","0","0","0",,"0","0000-00-00 00:00:00",NULL,NULL,NULL,NULL,NULL,NULL,"0",NULL,NULL,"2016-12-14 09:55:05","2019-02-07 15:20:04"
"9991",NULL,"Vilma","Lampo","Vilma Lampo","Vilma","Lampo","Vilma Lampo","executive","/",NULL,"$2y$10$scdUQDBppPfM/raBLWKLneuRjqR1MOebbZHvhdSX2SSyh/gJHKRLC","0e73cf821b64275fe6a13ddd408c2071","183h7nnjmh@nal-seed.com",NULL,,"0","0","1","0",NULL,"0000-00-00 00:00:00",NULL,NULL,"1","0","0","0",,"0","0000-00-00 00:00:00",NULL,NULL,NULL,NULL,NULL,NULL,"0",NULL,NULL,"2015-01-14 23:53:31","2019-02-07 15:20:00"
"10071",NULL,"Vilma","Ramo","Vilma Ramo","Vilma","Ramo","Vilma Ramo","executive","/",NULL,"$2y$10$UBPO4ZU0XEwMa1DfZx/Gq.Hr/yOj3AaSGNB7jpAbcG4WNY647YcRC","e38307bc15e77973fd6ef8595a8f153f","hnqbtnswtv@nal-seed.com",NULL,,"0","0","1","0",NULL,"0000-00-00 00:00:00",NULL,NULL,"1","0","0","0",,"0","0000-00-00 00:00:00",NULL,NULL,NULL,NULL,NULL,NULL,"0",NULL,NULL,"2015-01-14 23:54:34","2019-02-07 15:20:01"
"10083",NULL,"Vilma","Kivela","Vilma Kivela","Vilma","Kivela","Vilma Kivela","executive","/",NULL,"$2y$10$NKxHv6C3D7WCmV.XuBi23.5UmXJ7.eVrmrsKHMomVOvuByU9HhKEa","1b03e9521104f0450d451cc937f58485","jthtgw3kt6@nal-seed.com",NULL,,"0","0","1","0",NULL,"0000-00-00 00:00:00",NULL,NULL,"1","0","0","0",,"0","0000-00-00 00:00:00",NULL,NULL,NULL,NULL,NULL,NULL,"0",NULL,NULL,"2015-01-14 23:54:37","2019-02-07 15:20:02"
"9897",NULL,"Vilma","Saksa","Vilma Saksa","Vilma","Saksa","Vilma Saksa","executive","/",NULL,"$2y$10$Ss95rd43EoN69UgJFbmBxusExWkXQJSgraO3Q5oKM9mOjl1no25xG","11342d164cebe7ae8d751b8c85b59650","hchw4i5uvx@nal-seed.com",NULL,,"0","0","1","0",NULL,"0000-00-00 00:00:00",NULL,NULL,"1","1","0","0",,"0","0000-00-00 00:00:00",NULL,NULL,NULL,NULL,NULL,NULL,"0",NULL,NULL,"2015-01-14 23:52:33","2019-02-07 15:19:59"
"9936",NULL,"Vilma","Laine","Vilma Laine","Vilma","Laine","Vilma Laine","executive","/",NULL,"$2y$10$R6AtA2p8YyryqrOuMMg1quP5kXDIl4HSpn/MVrRPWASVixCZbyTiW","695a78892feb2a435d5a1439a4ab012b","awyng4rj-s@nal-seed.com",NULL,,"0","0","1","0",NULL,"0000-00-00 00:00:00",NULL,NULL,"1","0","0","0",,"0","0000-00-00 00:00:00",NULL,NULL,NULL,NULL,NULL,NULL,"0",NULL,NULL,"2015-01-14 23:52:43","2019-02-07 15:19:59"
"9740",NULL,"Viljami","Karvonen","Viljami Karvonen","Viljami","Karvonen","Viljami Karvonen","executive","/",NULL,"$2y$10$9eo7CucO.tZBrcyCb4YjDOeoxD1DP9nFlxIN6joaKibjnCbQCYS9C","7e38da1489122c65bc31ebf8815aeb10","gbzhgnjqt1@nal-seed.com",NULL,,"0","0","1","0",NULL,"0000-00-00 00:00:00",NULL,NULL,"1","0","0","0",,"0","0000-00-00 00:00:00",NULL,NULL,NULL,NULL,NULL,NULL,"0",NULL,NULL,"2015-01-14 23:51:00","2019-02-07 15:19:56"
"10009",NULL,"Viljami","Hannula","Viljami Hannula","Viljami","Hannula","Viljami Hannula","executive","/",NULL,"$2y$10$KJtQFk8pwTg7KBXJEHOsDueEVN/5SSAYIXeNKtdNMv/vcsmC3iWK2","b9d555864caaaee7a4cf2552ff998453","tobiaaouwd@nal-seed.com",NULL,,"0","0","1","0",NULL,"0000-00-00 00:00:00",NULL,NULL,"1","13","0","0",,"0","0000-00-00 00:00:00",NULL,NULL,NULL,NULL,NULL,NULL,"0",NULL,NULL,"2015-01-14 23:54:03","2019-02-07 15:20:00"
"10117",NULL,"Viljami","Heinonen","Viljami Heinonen","Viljami","Heinonen","Viljami Heinonen","executive","/",NULL,"$2y$10$g7CIpYAJF6s5XixVLCQnf.XlJUxyPcBFtqxWQbloMCPMqaJJGPqHa","0d53ee6c6c69bb4db29e8e711679bb9d","5ddo-rk5o4@nal-seed.com",NULL,,"0","0","1","0",NULL,"0000-00-00 00:00:00",NULL,NULL,"1","0","0","0",,"0","0000-00-00 00:00:00",NULL,NULL,NULL,NULL,NULL,NULL,"0",NULL,NULL,"2015-01-14 23:54:59","2019-02-07 15:20:02"
"10130",NULL,"Viljami","Sakala","Viljami Sakala","Viljami","Sakala","Viljami Sakala","executive","/",NULL,"$2y$10$ka1ab6ZfI84Rx0yM3b9mxOzuJ5NV1yrXgcVJS3ClcF3o0Kv/Xp.qu","1f91e2b7b0cf22bec3f8293ba0185107","b43i5jydcb@nal-seed.com",NULL,,"0","0","1","0",NULL,"0000-00-00 00:00:00",NULL,NULL,"1","0","0","0",,"0","0000-00-00 00:00:00",NULL,NULL,NULL,NULL,NULL,NULL,"0",NULL,NULL,"2015-01-14 23:55:02","2019-02-07 15:20:02"
"9647",NULL,"Viljami","Leppo","Viljami Leppo","Viljami","Leppo","Viljami Leppo","executive","/","headline","$2y$10$7ceI32Wywd8WNEDHmhe34.naWq/6eQ4j9sBlQtCDM0mXtQqHlxLS2","60fb5430ef5978bd33b4e3f2ab139b93","h8l_7afftv@nal-seed.com",NULL,,"0","0","1","0",NULL,"0000-00-00 00:00:00",NULL,NULL,"1","9","0","0",,"0","0000-00-00 00:00:00",NULL,NULL,NULL,NULL,NULL,NULL,"0",NULL,NULL,"2015-01-14 23:50:21","2019-02-07 15:19:55"
"9938",NULL,"Viljami","Nurmi","Viljami Nurmi","Viljami","Nurmi","Viljami Nurmi","executive","/",NULL,"$2y$10$IXIthAl7r9BtKVdJCJS.o.GbQc6Yk7BxFfXY.cIA9Oje49a3i4Ojm","c61adfba55e66c5e4bb467103b99c27b","rare1cg4jc@nal-seed.com",NULL,,"0","0","1","0",NULL,"0000-00-00 00:00:00",NULL,NULL,"1","0","0","0",,"0","0000-00-00 00:00:00",NULL,NULL,NULL,NULL,NULL,NULL,"0",NULL,NULL,"2015-01-14 23:52:43","2019-02-07 15:19:59"
"10000",NULL,"Vilho","Koskela","Vilho Koskela","Vilho","Koskela","Vilho Koskela","executive","/",NULL,"$2y$10$QjfoVJK8vp0nE/RVvIlqKevzTxWMXDmncLDrxM9tVSQYSHRt1F6Ye","f79f79f88d7eca1a0f318c0469295dee","ki8xvaf5ph@nal-seed.com",NULL,,"0","0","1","0",NULL,"0000-00-00 00:00:00",NULL,NULL,"1","0","0","0",,"0","0000-00-00 00:00:00",NULL,NULL,NULL,NULL,NULL,NULL,"0",NULL,NULL,"2015-01-14 23:53:56","2019-02-07 15:20:00"
"10021",NULL,"Vilho","Eskola","Vilho Eskola","Vilho","Eskola","Vilho Eskola","executive","/",NULL,"$2y$10$M.JJ9Uvvi.xQ.cvwMJHXSuraUF4bcF48b16JF.WYlO5P35zC3/.cK","5045b0f67e78000690e826bf0ec91dbd","wdbhe9tl55@nal-seed.com",NULL,,"0","0","1","0",NULL,"0000-00-00 00:00:00",NULL,NULL,"1","0","0","0",,"0","0000-00-00 00:00:00",NULL,NULL,NULL,NULL,NULL,NULL,"0",NULL,NULL,"2015-01-14 23:54:10","2019-02-07 15:20:01"
"10058",NULL,"Vilho","Kantola","Vilho Kantola","Vilho","Kantola","Vilho Kantola","executive","/",NULL,"$2y$10$ZwcBwJ1ZU5hJoVAROGkmR.YrN8t4OxKwVre9rt7AErxka1/XqW.yC","2bc3c20437ce7bb4879aae79ce5e047a","cteawalvha@nal-seed.com",NULL,,"0","0","1","0",NULL,"0000-00-00 00:00:00",NULL,NULL,"1","0","0","0",,"0","0000-00-00 00:00:00",NULL,NULL,NULL,NULL,NULL,NULL,"0",NULL,NULL,"2015-01-14 23:54:32","2019-02-07 15:20:01"
"9652",NULL,"Vilho","Koistinen","Vilho Koistinen","Vilho","Koistinen","Vilho Koistinen","executive","/",NULL,"$2y$10$XhnIVCNWKI7GFV0.TqMutevd2u3mFp2OY4dhBSr8wQOlS0VTCnOW.","014f1e9954ef04a2de3e82cb876945bf","nmcdxwjdhd@nal-seed.com",NULL,,"0","0","1","0",NULL,"0000-00-00 00:00:00",NULL,NULL,"1","1","0","0",,"0","0000-00-00 00:00:00",NULL,NULL,NULL,NULL,NULL,NULL,"0",NULL,NULL,"2015-01-14 23:50:22","2019-02-07 15:19:55"
"9734",NULL,"Viivi","Peura","Viivi Peura","Viivi","Peura","Viivi Peura","executive","/",NULL,"$2y$10$fZjPpsmpBPKNLOyVTX0/ROCo8Ui7hbMlLHZFjMSZ/JDuBsdE7EJUq","140e50ebb6408e1635345270f7e0d4ec","obgfvxefpm@nal-seed.com",NULL,,"0","0","1","0",NULL,"0000-00-00 00:00:00",NULL,NULL,"1","0","0","0",,"0","0000-00-00 00:00:00",NULL,NULL,NULL,NULL,NULL,NULL,"0",NULL,NULL,"2015-01-14 23:50:58","2019-02-07 15:19:56"
"9763",NULL,"Viivi","Latvala","Viivi Latvala","Viivi","Latvala","Viivi Latvala","executive","/",NULL,"$2y$10$FmK7Au2o9OOymzcKmJB.7uFSviqsjU/BSIVobvKQONn9.XPbqxVUG","c18b306f7bf01a664bb290d084bfe546","malmvs53ao@nal-seed.com",NULL,,"0","0","1","0",NULL,"0000-00-00 00:00:00",NULL,NULL,"1","0","0","0",,"0","0000-00-00 00:00:00",NULL,NULL,NULL,NULL,NULL,NULL,"0",NULL,NULL,"2015-01-14 23:51:29","2019-02-07 15:19:56"
"10084",NULL,"Viivi","Kalm","Viivi Kalm","Viivi","Kalm","Viivi Kalm","executive","/",NULL,"$2y$10$xkr6QyU6NcFYfqXii1Kw7eFM6GQyeJw76qAf67D4jAdlYLZmeh1o2","4128db4fd26f4be32095ebf18d0f512e","itpitnrlcs@nal-seed.com",NULL,,"0","0","1","0",NULL,"0000-00-00 00:00:00",NULL,NULL,"1","0","0","0",,"0","0000-00-00 00:00:00",NULL,NULL,NULL,NULL,NULL,NULL,"0",NULL,NULL,"2015-01-14 23:54:37","2019-02-07 15:20:02"
"9834",NULL,"Viivi","Linna","Viivi Linna","Viivi","Linna","Viivi Linna","executive","/",NULL,"$2y$10$yTrut0.Vx9xzPNhKiIrc6OxURJlPd7IwSPZp2lapPDuHPfqmO79yC","7652a71e8edc26986cb1e166aaf933cf","mwvkc4salu@nal-seed.com",NULL,,"0","0","1","0",NULL,"0000-00-00 00:00:00",NULL,NULL,"1","0","0","0",,"0","0000-00-00 00:00:00",NULL,NULL,NULL,NULL,NULL,NULL,"0",NULL,NULL,"2015-01-14 23:51:56","2019-02-07 15:19:58"
"10090",NULL,"Viivi","Maijala","Viivi Maijala","Viivi","Maijala","Viivi Maijala","executive","/",NULL,"$2y$10$X2UBE6P137YUa2foFVOxQ.TU5dF983PDD/di1haSea/ltZNMvCBxm","b7410594c5d46ceb1dc123facde7340c","bxzztdpfgz@nal-seed.com",NULL,,"0","0","1","0",NULL,"0000-00-00 00:00:00",NULL,NULL,"1","0","0","0",,"0","0000-00-00 00:00:00",NULL,NULL,NULL,NULL,NULL,NULL,"0",NULL,NULL,"2015-01-14 23:54:39","2019-02-07 15:20:02"
